{"cameraMode":{"drawMode":0,"name":"Shaded","section":"Shading Mode"},"sceneLighting":false,"audioPlay":false,"sceneViewState":{"m_AlwaysRefresh":false,"showFog":true,"showSkybox":true,"showFlares":true,"showImageEffects":true,"showParticleSystems":true,"showVisualEffectGraphs":true,"m_FxEnabled":true},"in2DMode":false,"pivot":{"x":100.81673431396485,"y":6.097873210906982,"z":111.70271301269531},"rotation":{"x":0.22718529403209687,"y":0.38759171962738039,"z":-0.0991751104593277,"w":0.8878774046897888},"size":0.8660253882408142,"orthographic":false}